sleep_hours,workout_intensity,supplement_intake,screen_time,stress_level
6.639450225064397,2.295281347612114,2.4022300261060545,6.761792699386079,2.9326469629640055
6.525858210673621,3.9574343990891405,3.259955601623541,3.400039734398761,4.1044294802536365
6.815966286768142,5.3941983062552605,3.5359086173594374,7.876127989516143,3.2925507711154847
6.112231418968835,4.359338480448008,3.0798758208320023,8.351411790978034,2.518305514139823
6.687391688644985,3.7916040507161624,3.053583235588248,1.1224120283654089,1.6963284503803338
6.969831965154049,3.6961732037690784,2.210102911149559,2.7445512328442048,0.8347993718036639
6.761456188184471,3.427958852479661,3.061997591882448,6.319601007918213,3.5470512535811864
6.740083295846388,3.1804213220414903,2.771943289967413,5.209393519141044,2.733749762900589
5.933401170416175,8.752379440826564,5.01682918696965,5.957997106239278,0.0
6.878920839489603,5.380042503029657,4.036310724249649,3.86739018106605,1.9783955067442651
5.982112586941394,6.134452809764815,3.1726549118866267,8.198494937157072,1.9749091073736083
6.446788251970102,3.717115390654329,2.197312608318146,7.944479838572371,5.245593664380277
6.008486808098086,4.307872824679769,3.332670668001315,6.1650767439030405,1.1723329947733918
6.450764510246465,3.2697741336870036,2.8050629114233954,8.818103017420082,1.7745768100874653
6.144188515042011,0.0,1.5680707772767728,7.168773355630114,5.369418311416746
6.242936364985465,2.301288496032792,2.2356645683441383,3.8517688427919046,4.96129127584784
6.69608689095234,1.4144012171202112,2.331501956544057,6.921876960206247,2.731156688526007
6.796352102752663,0.7998847350659977,2.193009431222847,3.602793497927503,2.686653214463462
6.129418059251032,2.401489364525109,2.6541886633906544,8.19612575326818,4.430549935698152
7.037897779354624,7.14495073969568,4.253648912516439,5.875185222534368,0.0
6.402744125159643,4.633397106091283,2.5102830873907522,5.537844091136849,0.7748975954979389
6.667423594770615,7.124873324705667,4.657643813097118,4.2976761389901466,2.057600912958684
6.369611438952704,5.2739121149825925,4.098256312480074,9.056353346685075,5.042669906654715
6.334022819468745,6.111324353492762,4.202353106190697,5.613676294827995,2.242673909290268
6.770563267122597,3.158982712934413,2.4117361142267626,4.929180444592232,3.254200880540721
6.403718388589992,5.677500250216835,4.040517857553837,5.119666123779426,4.147240774792641
6.269464750113658,5.92209344815102,4.2130492624449865,7.330772963883372,5.481380508848848
6.923836111058353,3.6587379770396775,3.587021689935505,6.913610160910196,2.4713387814631105
6.07324835930145,5.612905926589746,3.3947184009447153,7.031831528989971,3.01370729722757
5.589362683573102,5.574221608416024,3.639106809548754,7.077052507519706,5.351929905804829
6.655498428080071,3.4586491746650507,3.1823684903234026,11.354119002176153,1.7952589314846517
7.4935477866893745,2.829173477629223,2.6546334196269523,4.9839624590384615,4.249176108742059
6.480604302907042,2.6306597740077557,2.1053328687825923,4.719393177321157,2.0619029803040263
6.0048612314325105,4.907917689632867,3.629013589863828,3.9655681793803055,3.0555718028821692
6.288134723816321,5.190433808380462,3.8076381768782515,7.539948556438739,2.8057412611722072
6.194027509011587,3.1017347194868012,2.7758790463271215,8.822430731802228,2.449361410942182
6.476316147173185,4.759728661311155,3.49172543539644,5.7151313558628125,1.8016579994497905
6.298345480719859,5.8118207727415765,3.7212459484223386,3.8996088075936797,3.022951832438551
6.887742643005015,5.9545777026594475,4.473142655350203,3.938796960771901,3.7159913034270162
6.57345902378519,7.4194060201209115,4.107485534563295,7.626481969561753,2.4755772741706745
5.848307198822554,6.840489446438302,4.0012674734698095,7.858135428008605,3.019421724656016
6.656088002432171,2.8453899377432883,2.6425501805083256,7.357885670762988,4.097847543808461
7.3715416851388005,7.900798059093407,5.01190083471772,4.336225731778264,0.9159264590051961
6.533753851739626,3.7185975115903362,2.3884897365983195,6.580403307666799,4.111277259687684
6.3785990314478775,6.554045239420166,3.5974993958618913,6.29171452285182,3.7121709773422427
6.426561155611565,4.787695967861989,2.5999869840509087,6.546721491822533,6.179663714728244
6.561054112849359,3.8553079328188704,3.0552012632288563,8.178571944870475,2.868741770798403
5.869545828317537,1.3551507916400392,1.5947379897733982,6.558988871936705,3.2637073481785923
6.441754033427676,4.300495089569354,3.0663779918205747,7.697283907679737,4.1540141340234715
6.369821803790239,1.8716449731428164,2.51320926521381,6.168947673722228,4.547089270479078
7.1089148747966195,6.465890187160404,3.829738986551023,6.722798496724961,1.9546303432979146
6.332781898000556,7.3345939444208845,4.5263503868657,7.578220564596351,2.219040048355751
7.395191827862965,3.537223879534212,2.795154388712996,2.357110450360834,3.352427586608615
6.197624999047758,5.253268738484127,3.8701532214322256,5.200821959106746,1.9279700451578636
6.819615239239536,3.485053366096197,3.0840725733776826,4.824068364268011,2.5610712678162244
6.759565661975598,3.674543782981756,2.6930440347228584,4.402805379391645,3.1084264547628373
6.270861913492663,6.10556943971027,3.874767074523927,5.31214437193329,3.9533799940203584
6.28310037787605,4.422073502565162,3.686326760114263,9.73735327808599,2.686721597900689
7.117547816029709,8.001350146540448,4.857890806717817,3.835422210766892,0.0
6.213017232581394,3.6822484672689457,2.414114563807126,8.420695886478702,1.1576796776426845
6.264387027113743,6.68560282261743,4.436488353515526,1.7928255709604881,0.862625100779906
6.580830016730049,4.925287773745234,3.0362708605235986,5.162787425035563,1.305462428706266
6.171601303801619,6.079216414781656,4.496691793897065,6.406882662762514,2.689858422066007
6.282936205195785,3.800132045905765,3.429692354298716,7.4655558283981955,1.9158304623927458
6.349198964651637,4.506810666398208,3.418678456926644,7.778066449482138,2.3804137030585393
5.764352277354584,4.319368840597385,3.290640673613432,7.983368087999813,2.4911919244153498
6.02426459568745,3.1911142868773825,2.692832812339985,5.128187319378906,2.8011788319729294
6.781193750966848,5.97766011142691,4.162473625130775,4.844120518338582,4.203257581496277
6.1654532800891815,5.729746552892829,3.643587353372307,8.144939703142885,3.873214584025046
5.660600345339125,5.708371525974134,3.877576558645611,5.521739187795963,3.018437472344757
7.049832677480432,7.680982235217044,4.921166640694598,2.810784191655195,1.5265962269262348
6.84198685714668,7.48468022969045,4.269149474465944,3.1667819649912983,1.675724213620728
6.454034268787553,4.135434520900512,2.907696712363927,3.701369284995972,3.331518525783037
5.959677277318863,5.255316807906686,3.124380530872891,7.24290186013441,3.844558692080582
6.784047616495905,3.588120303975987,2.509459023139926,6.356064340176413,2.077470581053739
6.504175647082596,4.656146464455988,2.6311004612057944,7.72621338516942,3.197723702177904
7.439361328206733,3.767793705198783,3.299048997685725,4.931868384158665,0.418562789349597
6.635358071338385,7.609844902194141,5.267503777710765,6.396349227691785,2.7371528789905186
6.530578020648238,5.27951567343624,4.181937846762619,7.563975984918342,3.9367398427633074
6.5234445324060495,4.348560340117675,2.5889903405964634,5.226633650699404,2.668446345476208
6.714516506008795,6.812868175247681,4.515089138721553,7.141938093893529,4.8462420448328265
6.871165008650184,0.912749505866609,2.433942342316066,4.345185147333372,2.408042511644873
7.0307145223108325,1.1730685122941957,1.7865034126222128,5.09236538358732,3.699486766260236
6.413884557276616,6.171615271873046,4.009225081009238,5.045655265004178,2.646300836944885
6.606775313587422,4.969000693668635,2.684443057145586,3.010400886027401,2.5743609166928927
6.254919394023691,5.06542371977354,3.6328639551000728,7.217431201963954,2.9647017764862587
6.890661070453191,2.410228413597272,2.0386674736650217,4.8264941494931906,3.358139185910015
7.041932230358319,4.710810778664213,3.464178318630291,6.031235296819219,3.8916203181528393
6.263256495616563,8.222549255920834,4.164538533492782,7.201866647264772,4.183559825340984
6.2820229600664295,6.105945214635454,4.15952137564522,7.11632794007486,2.8970300631500105
6.496850006559873,4.921983643291451,3.8785985274872568,7.6634627724319655,4.081286750968088
6.45368057189737,3.917381704564527,2.7536807371397436,5.753786288726441,2.299633717782019
6.9378784410077925,4.08646899974139,2.6798185673323824,4.941754219889615,3.8444528506572504
5.747821590464614,0.8021907348497295,0.9584670769198992,5.800704472734003,2.968316799337227
6.5681201203706925,5.3814815739399116,3.5460272159458937,1.7816639151049254,3.840628323112295
6.535576777598111,6.406316332080034,3.829888959119371,2.382218818942282,5.056315424213337
5.97241531813573,1.976464194450766,1.6701779128410847,2.6932509691139943,3.220092027428379
6.382175909991215,3.6223230382970377,3.1301367178436834,3.5068829309962957,0.40193632111954286
6.119740514109239,2.528565935050335,2.3314382212742744,6.999435566808591,2.9171903286145295
6.630709181990421,3.0886236494632753,2.3051550763272175,3.736302361599848,4.563524797674157
6.98517057288897,4.89205430482324,3.234992759673118,5.054593614901526,3.44119721553199
6.174383112526041,0.753110895050092,2.2297661735918832,9.248070744465164,4.359386238726722
6.230467992117381,5.823266584637131,4.070481411356941,5.109340072346435,4.013344249669493
6.352562796881847,5.950005959510427,3.827991959204775,7.843788921167716,3.549705468859185
7.073934303506448,4.422110981885437,3.5164864001401157,3.6659557999753076,4.1900831363233975
6.21950192593331,0.23235456935460963,1.1285770451871482,5.486406105330925,4.945521596435699
6.39130320160961,3.0143295502204825,2.718679860379005,3.624944862723547,4.975631012860145
6.7832987509260905,6.9899324909650336,4.354901928580602,5.152417310248594,2.888736149402164
6.27440073200274,0.0,1.3120653966005094,8.10077034364349,5.1657727262835405
7.092083726386786,4.349581283589388,3.4140158478187224,1.6816989420191284,2.210037865015802
6.428338894162475,2.514529532731949,2.193638431234999,7.086059108864643,2.7854317154059953
6.718035156364893,6.1403131081976605,4.160053526389512,6.594339005830695,4.790903140402421
6.276552651225134,3.536718895726382,3.13543106690307,4.514625110758014,3.4148680564108345
6.804981943101797,5.638372663432838,2.5884851130943085,2.3848553640288634,3.440492542963804
6.431832593430121,5.701995825383145,4.256920611557305,6.180323769284674,3.0085965219099458
6.200336718376315,8.041426771984643,3.497517682652756,4.676268227340494,1.6727416785319684
5.926247475975018,4.248244722562497,2.9528782788025487,6.58169052838676,3.293468794314819
6.7556417332414425,5.399712520454414,4.070024221884868,6.054630363808608,4.546704563433791
6.076810887959525,1.784358864951453,2.086828855879605,10.004447228302288,4.626256549718349
6.21007302691804,6.843671170054672,3.650994075034052,5.401610931317439,0.5939820154894935
6.691036870601207,3.4781249471093973,2.453755154157091,3.4412562684453376,2.718185445454248
6.878951473080993,3.7061281975806173,3.3932135775604952,6.448189087390791,5.267766734402159
5.677742417325474,4.550228625507498,2.5514896379835434,6.5499917099294125,3.0289663456516873
5.724338943485749,1.6393436258317915,2.6073338907175234,9.39796893810109,1.865096496445911
6.02996749615374,4.9603938959481395,3.4621167187623403,8.087778114786447,5.518318136380868
6.960038391522213,6.442834248023551,3.6001755670324473,6.8921776478737735,3.4705254610804603
6.326244865777841,5.026992507470464,3.277550974067109,9.658257228048905,3.2022252798794084
7.026313645026,2.041211130771251,1.909594715867844,3.0280923641928728,2.6725496910416227
6.248893984855769,4.532001610285908,3.659290724457775,4.400621168125631,4.272888223134728
6.313477631936421,6.1328217812324155,4.246099836398102,3.6835601464861876,1.962027402841524
6.7546967614841025,1.3938161228042474,1.3698619955712803,5.02547549211058,4.840384656312242
6.815733245338667,2.96908026810652,2.526195259834875,2.558284631109228,3.616929353764005
6.585028397239563,6.206887458718891,3.637480718549846,7.587877367036011,3.137151658068409
6.498759692594796,5.213825587951942,4.102934222564525,5.4444432572530665,3.0469946980029112
6.911511563159651,5.666550790956954,3.2265806691322134,2.322984263743355,2.2280200638802903
6.778457495958296,8.201883788468734,5.422445157261499,3.461052296981146,3.3606988720956643
6.729515816689685,5.527157352048859,3.6975450450127685,6.783784618625488,1.8270240934266224
6.6348275851016885,5.792915356303094,3.352392379969203,8.095316419735953,0.999883500972646
5.553698623624523,9.235120449893966,4.923138506353876,10.991827229229466,3.565927988922282
5.150683512429234,3.8159873384291245,2.7057473990642698,13.284656165018324,4.845709887857493
6.787729002522829,3.2407827465794923,2.2864657378255946,7.036023583189991,3.8588981246543037
7.1336114066480505,5.657086922513626,3.800765512897601,3.5261546999203395,2.969687921820809
6.589191199316594,5.765608757923085,3.3150772828924966,0.669884298171727,1.9838349135933773
5.815515315240263,3.649999893227872,2.087853473795873,6.669278655859589,4.367642728140315
6.7172504064145855,2.965028042356524,2.53414062860334,3.967647261724185,3.0497243796046654
6.928864831258623,8.952526100410463,4.359867961597032,4.961606849550787,1.4687213690973109
7.271577442663972,5.441988090847315,3.3759308891119177,4.4697580023504795,2.185858848463049
6.728862327518785,3.42237140703019,2.5053074073707338,5.6480227839590365,5.578367026102591
6.176703110037478,6.1830973262585704,3.6247525016931026,8.664950576969108,0.9540914514670976
6.175994568956229,4.451507113154553,4.080988085897883,6.392621418613362,3.7658855160371516
6.555734919492466,4.270216243206987,3.230651124150623,5.603412907403279,1.0257678657934277
6.622388104205323,5.853786698969847,3.9396630831860717,3.410865617935471,2.4337106115813665
6.499662821935786,2.583913567464581,1.8230061084489149,1.8132926382391075,2.5346902812465326
7.334326059616816,5.478950061646759,3.4299947712039347,4.784230227316673,0.06091193616885959
7.15556545088891,8.215598017858335,4.872360259119938,5.865543622954199,2.6683895924201235
6.564031056528424,5.324531658410517,3.2200010981990044,10.419824783949707,2.7781168454393423
6.171647456472227,3.973698643652876,3.4527045948683446,6.325686303682215,0.7288296732455101
6.622708861299436,3.6766389424812256,2.4895769426320777,8.456848777557644,4.366557386162234
6.8437283630320955,4.058172834099406,3.0087226792936925,4.75176100365212,4.660745092982975
6.911879721754824,4.432173122491604,3.0384485930064185,3.0376405839574385,4.505399364985287
7.150406195911796,4.2056284559053365,3.247979646114901,3.5872080944190703,3.1731097052943813
6.8874251129085975,6.478756363292049,3.835306516574649,4.186934838660617,2.5021921297656697
6.353311036219484,1.299496001291383,1.9114409496881781,11.321174331087912,5.6772448522746695
6.907194535025151,6.394992879147404,3.963545114947767,3.9465333019390347,4.456685614560421
6.471579152053468,3.908911019481693,2.7698093048361567,8.096223009340862,4.686481512677947
6.0763215402174415,5.449004065534292,3.873639173612562,3.742682054782434,1.669668324856301
6.362952774518846,2.5412704124810492,2.6118635149273897,8.328932532185611,3.859761558556455
6.248342621181633,7.018251311683915,4.2718549465723,6.962377415264658,3.259038674972374
6.103383244357611,6.922060989952394,4.096641062596174,5.608405255854774,0.5053152684868735
7.1167883219823755,6.494037094315299,4.416232449934118,5.898093684661415,3.0869565288454948
7.256105908395874,2.13090045633989,2.2580264850102836,4.363030761426524,5.87904409284924
6.9065127698070485,6.17731017971434,3.848245156755361,7.115180503705202,3.4985938144570223
6.700321391967712,5.505644231983645,3.7441337047487084,4.86254129914805,4.491002691912967
7.237839945086879,2.0374964701409723,2.9936332612447294,2.9359855905818795,3.2781671725039017
6.779806128074562,4.843987518809941,2.901452524315495,2.805156064200952,2.569681210951061
6.556461463369799,5.3402347368815875,3.944036651974777,6.431469794305299,3.3716856331604594
5.821466769056219,5.435695762735989,2.9170098405991536,9.947728141026086,2.3830343441442357
6.6269486338599055,5.011766372197251,3.59161581217035,6.399979033933596,1.79661299257294
6.564862740170523,5.245532615106071,4.2282461770859205,5.703404184725294,4.390426247619539
6.006906531187428,7.267462891723998,4.602452566476521,6.7145653490063575,4.374106086053153
6.240880662522827,6.7176988863781535,4.2553295859671785,9.265004354267061,1.7824668044577703
6.448218152377346,0.0,1.2758202124787696,6.548456253409641,5.073420527643072
7.231331854492371,4.253109690595626,3.2136627564336724,4.972681922915657,2.7200698751757217
6.611716922967715,4.276513753960172,3.109780375422726,8.765721775149721,3.6863263249457345
6.43825461598969,1.4864534758827193,1.7801907471805456,7.071891096154034,4.240888375358087
6.299924360031181,4.657552441821782,3.247070730538765,9.83938997998998,4.567031230612665
6.498827444892089,6.9247424301753835,4.349249436320729,6.458086093054765,2.7447482310256164
6.6938739116656585,2.916623872868566,2.3597627217351707,2.9388274206987495,4.728839812985466
6.414782320763233,5.468019821623801,3.3646952003756465,2.5796020018858377,2.989724419779684
6.136946256391324,2.808846374976638,2.0794411749537858,10.127319830578124,4.519377801816063
5.914132466014961,3.2165133888801654,2.9428953659876247,10.309164301958242,2.7673125078097938
6.11829340403342,7.34357778356973,4.655560418214717,5.551201966793498,5.183069618138374
6.775565099318834,3.798850848872596,3.112204517243646,5.042031697160031,3.5894680159919865
6.364653772528191,5.335767320941668,4.020375125468133,9.653610730605505,4.076284207961011
6.116061507429871,1.4317942520886462,2.1078647556677494,3.23238579489128,1.5420295479040287
6.65600578066787,8.179613065947049,4.928649601325122,3.763182452610434,1.177480371476477
6.739830126127164,5.728341566628284,3.912871596906339,7.6083169867226115,4.378066770915403
6.96964933318563,4.46779085690554,3.250500334994933,5.013487192851026,3.1987336298398032
6.880067268353848,5.774630678175204,3.597523540018223,5.987195333199821,0.42298960570127564
6.566308202120413,2.1893862104215467,3.261415530485383,5.5913927536887185,4.657592766669699
6.15671922545101,6.752030439100017,4.020031783698603,6.843936371997334,2.140430259135763
5.859209038161936,3.8768130752584042,2.7843741456551876,9.518704653284292,5.292448142227801
6.6224947352822765,4.333601233078327,3.407044422611374,6.226462267254364,2.957042261281241
6.523960253372435,3.7369235692397638,3.0955111938139077,7.609846983192145,3.550799476073741
7.380600309267977,3.9991590186136228,2.537746988401318,0.8745697474224436,3.9197123734363273
6.914736558005753,5.997970556972976,4.348259524614686,5.878203995174705,1.5849459148318077
6.642366024272664,5.280272716401477,3.5744312564202576,3.8919243242678223,1.5088971815202663
6.328290554483422,6.008327342526768,3.4589584989244195,2.95296734894093,2.336867723161872
6.583943164431935,4.8023329212352595,3.896446814235653,3.804619082678123,3.786571169229386
6.662855606323847,5.681810650658912,4.022994488902027,5.16469139824797,1.1276827900240833
6.266090355642506,3.8081934787046805,2.5174605947027064,8.289756355890033,1.4095415735268177
6.583015605720733,8.887617964826706,5.7659203220337725,2.68401820565109,2.957661433805648
6.602383386720581,1.8841346525228584,2.5171728083556206,6.076578731486044,2.7728122393042187
6.440448677173002,7.024253229297369,4.30562284546893,4.789576416666054,2.0380171472621673
6.365711489568511,7.189763697049844,5.0119930010686495,5.180817264095098,0.30070756093830925
6.428456926945283,3.0336151137933838,2.77716515904921,8.506894563261511,2.712611435619413
6.2716795095539934,8.622596020330661,4.937805178090652,7.3452885925098155,2.4585551703953863
6.337956914653875,6.308503437336618,3.759281328525851,9.343495268606858,4.143913203251959
6.6465225438482225,6.482015676572301,4.325546446351752,5.613735801875249,1.695229206923384
6.260388371952089,4.813471600300625,3.616029827049842,4.260143470823243,4.8981408409027205
6.396337370023205,4.326609004318765,3.2365156576833907,5.440352957798751,2.23588704432496
6.9747225707165175,4.340224269491455,2.9200951662495407,6.606241978178054,2.1838681851644433
6.077957498852257,5.3386791534536435,3.687443603047887,6.441433396134277,4.879692111633385
5.996048557306987,7.307288659820883,4.394995949623498,3.2890298194165837,2.7025504702955216
5.850256240039546,4.950079993451026,2.94664226988673,6.226224454069685,2.4820898226806114
6.484542815274053,3.029327218612919,2.1230059469154936,6.5705708253472626,3.17307130544223
6.02732623980466,5.822017081581689,4.054868184156583,12.293685093834801,5.0523884659213865
6.103467278344874,6.083812494934905,2.8927696719532863,10.692111528204176,4.993859237132651
7.115615110236739,6.046604081049542,4.000805843204321,3.86689162360295,1.461907002615827
5.641984620723807,5.992019414010997,3.705574542502869,5.2815415961270595,2.882543105892303
6.951265256418188,4.44038614158739,3.79945309938692,2.341394995407492,2.758413973243409
7.184644773423948,3.170122353252787,2.5706616576395644,4.523232465091284,1.8115872476458972
6.062155731569832,3.0540167725547867,2.985400394722673,6.789012508975851,3.411036985585756
6.14589699669589,1.5700241498344156,1.9692441234386497,9.014634052220584,3.90847956057552
6.402304596518705,5.2078734401525315,3.6286486374554703,4.177290405640979,4.164441238818229
6.337808171886424,4.615341312389249,3.64087113732372,4.364633899830508,4.382867266758211
6.8352661041896665,4.209959870982823,2.9989616618632975,0.6317774256533628,2.1888816131971347
7.052153033398558,0.0,1.8986219537993616,5.593335198637731,3.4276847849084056
7.375568218792544,2.675187177912196,2.172595720322285,3.3439639703510924,3.739242133372519
6.508309156709163,6.784524016617376,4.331646743670302,4.676401431584815,1.823594363645953
7.362143230556082,3.6994951202129207,3.3488539372003094,3.8078480545810294,3.5045510971740197
6.55130427779513,5.365978266843397,3.910406303453493,5.764343614368608,2.7519575468258375
7.485337537616704,2.515016028725788,3.2725843621844795,1.6056790216084218,1.6411387588675108
6.7807545216994765,7.501125976090438,4.19507466351191,2.3323868865225235,0.992995589345078
6.140020816710491,4.138596404569094,2.6037788612882027,11.323117780070746,5.362367300642923
6.905400581679799,5.423540594497597,3.271682194400991,2.7814435468149226,2.3322222563437185
7.851955903469565,9.15869741304082,5.427655991835703,3.258036053863401,3.617513286772306
6.450567245531413,7.195034714573903,4.5771830595373135,10.592283820803285,2.323271132800215
5.691443980668906,3.704192883595136,3.022579817297021,13.262667923101016,4.320843960991523
7.093462580361618,3.8379957538726828,2.5860154819062213,3.071083427936646,5.652693861069334
6.467008403378086,4.156750939201156,3.4694472930120868,5.079377608029923,1.7725188451457294
6.280276325796475,5.553150035969848,3.231378103327723,6.853888877351274,0.7012976223846786
6.49227094708112,4.293736447505845,3.681074411953098,10.321744111013981,4.973707389104465
6.728251371405551,4.134742810937836,4.296872493631081,3.5328573039294064,1.8641411090224655
6.666557139267554,7.388241695945795,4.601877137006938,5.386805385144726,2.409574003796966
6.369427312440504,4.3841977290362255,3.4869223458775873,7.94334394015436,2.5508532433338003
6.5508508794185785,8.789999696100706,4.818855970882059,7.0869151861665465,2.668835886886931
6.743969278348672,4.934753051492541,2.7498158921622897,5.059609821924752,1.6898774682752642
5.868826166456312,7.8671835968146455,4.40578569351377,5.665442588709897,2.3540077125961107
7.028279595687334,5.567864896494109,3.289987862158144,2.5627604790750453,2.985513649903072
6.223927951854328,6.435493545031273,3.4953955874465032,5.404565640063337,1.5080237616067422
6.068472800555997,3.3858458235748152,3.543282306228186,5.334031274977612,2.460051218040676
6.4531220867242105,3.1295243718117973,2.8609547559350283,6.58042472406564,2.9329796689998378
6.660458794923862,5.612932500871741,3.89704803259429,4.61168195295246,0.9789134862767841
6.182965137890673,6.388750034908492,3.931891067884897,7.178846306362847,2.371518234394336
6.608317986619825,4.656704025035337,3.29353317703676,8.531789544549572,3.334812790286131
6.019152826236489,2.316978613514436,2.8126117183015076,6.388573319171165,3.109782778635858
6.307218406249764,2.188287230254287,2.3623800446236283,6.879391020998009,3.254003187153559
6.304662983257876,2.10497635594332,2.5542681175872213,6.132888368944668,3.511687574543404
6.503677576762948,1.5186374052489824,2.0290532429615866,6.000210982728535,2.793850596563953
6.7619141063351025,5.013459811831124,3.368522768439631,4.196104916142882,3.572062179618305
6.103938615297098,6.645911137894991,3.5955987889172523,6.79123565418327,4.54422394345142
6.792956256792378,4.717308034016268,2.595823588659656,5.756783503966276,2.3559316993617414
6.123417167131025,0.33194911488864387,1.528154885528897,11.232920772326487,4.8902664070966555
5.543147830845783,4.064276591672985,3.1483093134664872,9.933387256188107,3.3897736497608895
5.757323685349739,4.284463355526719,2.6993333275271714,6.964616381391252,3.785219799225262
6.668299689413695,8.585009870559007,4.92021400220975,4.0923569757630816,3.9939472964509073
6.66514373317146,2.2327175640598718,2.4145880508201496,3.2189713200414554,3.7997340624013933
6.245574369631105,3.8224448831484508,2.1665747508356286,8.977857382722163,1.3406974726716587
6.4576562951849965,7.733456801355324,4.227332856750329,6.656873062867846,3.0709083047255707
6.50291726315024,5.450234815314859,3.8429994836201313,7.200358508479027,4.448693590104899
7.200594560841743,6.002096236785514,4.055661986472503,1.6385350325645183,1.9846414357756101
5.945625588367218,4.73488473528493,2.9324839275540677,8.318596203895451,4.5215638142099435
6.01892587484185,5.188988414790466,3.6389745861160807,7.136050845535907,2.3039960348877906
6.359422786622312,6.2244432687154045,4.398740197630351,3.223923288963805,0.7650113866660252
6.715425794999037,3.323407806424168,3.1401923061660266,4.821187981375128,3.278028007203069
6.902988141654952,6.287839605655689,3.977021527456702,6.659293010891299,0.5674132115439653
6.358537836944922,2.207890003505991,2.1959654760726797,6.131166995890609,3.2157134843316295
5.702839291704832,5.247867678492696,3.3474092776632767,5.269572035491112,4.595450472958999
5.944300151699561,4.9790997825935905,3.678767826201299,5.7412793298350975,0.7852738606995346
6.278832622662773,3.6000528757963437,3.018062739575693,5.370056554482787,1.6764906959529107
6.294282386956181,4.6195244290966455,3.5995713740795385,6.381406280256171,1.8669888142501596
6.082765585862215,3.353767787164081,2.8942566401140932,9.678729932482893,3.573944964790391
7.013503393043321,3.1222879509531922,3.076420760520254,0.0,2.245752177792144
6.45825883711408,4.088925631870559,3.1734072659313037,5.407874338725789,4.761022282118148
6.851966379415703,2.7259530416010236,2.904256703093084,6.441281053431117,4.456857336842416
6.224195145074101,5.216455701164369,3.9349113886124036,6.739984974217749,3.6385155207416258
6.292571630447818,2.6555925962356888,2.2404263864043505,5.070213546696776,3.5292238860140253
7.038950794977878,6.255043943691502,3.278759958728303,1.6081955438035436,2.7148857672771354
5.9169261787830365,2.4740308601421637,3.1070094864626867,6.8199887092852745,2.5866631708454233
6.310922054029164,3.4458425805865818,2.9810005245195375,10.318375535410462,4.6561402890878965
6.862665895287421,3.8037131303559373,2.335690893943926,2.1653464877096558,1.4384397764998074
6.295629525789004,6.956848562841337,3.997211626249051,8.159570034245471,3.8290778726636234
7.1416016821268204,5.39974772321291,3.9686488062330953,5.1786869421927655,4.080310947207989
6.3144922633126175,4.307993924979958,3.111326837538826,5.846689135427882,3.3667106810153884
7.451684061824217,5.824475713945918,3.624965717850716,3.3677537232401273,2.1466379831385196
6.507990227241341,0.9496598190751799,2.4402166717552585,5.163859569110309,4.095544331256566
5.813035325320628,4.39115749684106,2.8375481401829,9.250111486747397,0.06251969405743651
6.427940804950647,8.215487695295174,4.466933735016136,7.456638104969268,2.8734679241893017
5.796851858806442,4.651369946729211,3.4451025687109915,10.330779013524861,3.4039779685613523
6.0214030754697365,4.627207525929566,3.5070649831933793,8.943529722444234,3.3164805185923933
6.571144319219506,5.638859680411707,3.954081085900975,7.097716697323941,3.7578755289843246
6.365666825793985,6.080664304774246,4.296760939737277,10.35983631541948,3.053127918048024
6.214442673163349,1.0211300752722998,1.9878834783815267,7.097482896845747,2.462136321926419
6.699994165406828,1.588313227217202,2.3310788664622444,8.069970441992647,3.5150195081181543
6.984441906014339,5.164039883748337,3.4619322497733016,5.258572616163229,2.826114734611762
7.00939645162531,3.455843606764613,2.907416764000531,6.166364539648012,3.2568288949450985
6.844779457154058,7.1833013956237854,4.416334230270968,4.256440441749308,2.530629360581231
6.7992832623110235,4.038916432613343,3.2016058273729517,8.473959836487133,4.498333867373076
6.097381274832053,1.3248707560889512,2.338964225468685,3.054240942212836,2.1782757569320257
6.2522626394965055,2.2950074208282487,2.640061241109232,7.955875856044154,3.871143620258141
6.254678371787833,0.0,1.5176868011600733,5.523372356237101,5.426115833893899
6.327479632701124,4.114916109477455,2.8223160498145665,8.928117733668298,1.310160814487607
6.16981897553489,4.234031844886191,3.2206812411795602,7.87717247182815,3.5411693387190795
6.097715523788233,3.668157905065557,2.956056048067925,10.551615394117004,2.95697772530285
7.032606269843688,6.603896060845568,4.2188310562635065,7.826936727846612,2.2344496184468783
6.775006122383515,7.081341349925055,5.215146662826182,2.0698993608668985,1.1114299714296565
6.678217945596215,4.4194917791308965,3.058287600235865,5.832617067754498,2.798085499937212
6.673107173045481,1.0213630149205593,2.0774608136183677,3.0699820185129605,5.602983162846251
6.650155619258147,5.8909073871076645,4.283747781740785,4.7043003940843136,1.136125363620173
6.21986015149728,5.482730872305574,3.7322931145619824,9.778071083191804,1.8368570887914282
6.549406660911067,5.182153766011396,4.507999554073424,7.5938345272442405,1.475045934873516
7.0676437231572615,6.610794224642678,3.9931019731644812,4.2526739285531345,4.456261967012974
7.299331372449245,2.809957234420102,2.7536185826960597,3.465706583899003,2.391823734778446
6.621810610092957,8.323842994533011,4.510014899856012,6.081955232190652,2.3020451546188614
6.9696534399886865,3.1720654070161474,2.6282162687491417,2.958599626547181,2.439963307536209
6.251425477264368,6.107636351362547,4.042628104703682,4.322149306508547,1.5502335778756238
6.426841245844284,1.61645709069649,2.485104461201688,6.78002367887811,3.362548530586487
6.618038905487917,2.892913448949363,2.784803313189175,8.88828009026674,6.485720586922347
6.701336729001115,7.373502052977661,4.953046760924959,7.521903680561099,4.269672847827736
7.052321308197888,4.572023637993022,3.29082333096014,0.27177622850475003,1.4121721350414373
6.769364540042732,6.200751302114527,3.8474331089102085,6.760916822575649,3.5094859000887766
6.677361633501321,5.135251666390702,4.635694709468035,6.180083933081445,1.9028936791212079
6.857329133316224,4.495071946859725,3.4557238385207025,7.034725713431732,0.907691656695267
6.298033768604747,6.932707751532916,3.9852904822217474,10.040524204128019,4.204259200100685
6.808153244911087,4.562734224718281,3.047388184988085,0.841904307988143,3.9361332889342506
6.755765124964779,1.594135847031119,1.7605823729999117,4.522241437022236,4.641156282512462
5.3761107038928575,3.067915614527047,3.1017939881535344,7.477265806983387,3.1380904789071007
6.970328887625556,5.936877300357348,3.7290000029856425,2.046014001365144,2.1523301033361166
4.947865701564123,5.072209330602239,3.57982872250349,9.689872620133773,4.524944369101016
5.843116484867972,1.767562221475426,2.181621418814863,6.920891531751646,4.244526246275291
6.5088022131606635,3.2912406881508787,3.109093238436725,8.11645996460851,2.9573279544549034
6.801324000347738,3.754401929160954,2.663063134510774,4.5726408461955135,1.0468017362179374
5.9503971889577825,3.8854739882443963,2.6239606808405522,8.034409224915526,3.59241835584022
6.0570699741445635,2.0455035934330343,2.4079203602458517,8.671178889972596,5.106047737927057
6.953113741987512,3.5851336270665435,3.174437164706576,6.5821950503429205,1.7058671688175893
6.303709275409823,3.339571942486496,2.968841702233655,6.58600223174674,4.116341168050887
7.2509534614847,6.130062308809709,3.6282434318849526,6.675858098204315,3.0157691010598535
6.6919971043361555,6.283536228308477,4.284408428159948,3.8416368381515458,3.4034730657513594
6.692318397956514,4.475214100265826,2.992541269268077,5.631178299399117,4.01824672607776
7.1164105459649845,4.075034738585727,2.9213984375197377,5.618693668869103,2.1035283137624274
6.489180717796998,4.902857600405918,3.0835616302735667,6.958484660883737,1.111517945150449
5.969214757376161,3.0521082514537943,3.24130664004233,8.499560617275737,2.9980582439568804
6.69330260830268,2.7873495231761756,2.86830842568141,3.353659795053977,4.160196998389345
6.532538048397384,3.026481757563395,2.952590053296907,5.687477424201056,2.626692281244162
5.746049312197657,3.296759292613772,3.317588285502489,9.703638869147433,2.9135101201827314
6.579176420793225,2.7066133310548053,3.7077050317174116,4.14102942796859,1.01367743913975
6.424682770558961,5.086956735530361,2.8510922526480824,3.9443749567741992,4.896904156967858
6.803063976649363,6.018506336496712,3.6120519022478415,6.505765479577984,3.727220473344862
6.363237117867776,1.7239986215392773,1.9431294149459015,8.110962976213301,4.671623184282767
6.418736276686219,4.7356770509123995,3.0539429714118826,6.028565138901648,4.1864497369117135
6.217044206194701,4.109699915335442,2.712846667092692,9.322401476092473,4.143835115630425
6.426733909928853,5.200289777138314,3.46025468523318,8.141984956416318,2.8154285329307607
6.567520956513411,4.578234804703624,2.844652435765688,8.104550167225154,2.9858845844563655
6.059277419700898,1.9701844754276423,2.4220907371860223,7.385291253310233,3.2082935022520687
5.6899137085133376,2.055733995365175,2.342972926717516,11.819132750865212,7.314708979073151
6.947670063164094,4.823374653477615,3.6217613272965083,5.48709577783489,3.5009371463691275
6.776386553141647,6.829884597364395,4.435045219601059,0.9911942698337153,1.5992591461539727
5.703254395287666,0.43425637646171866,1.914905291955358,10.010635903792853,4.855467254717938
6.766874334475451,5.406207705959992,3.513119507654444,4.855751422607936,1.5105814416893923
6.660603343242833,6.843894888299162,5.086015316373132,6.269701110857582,4.409932235471121
5.722339522988047,4.183093539520056,3.267009862400861,9.273876712151317,2.765085504142916
6.920770508624047,5.9327239863423635,3.128095693487028,1.9943511473526867,2.962767666237536
7.0277835251711585,3.6437099086643396,2.556533665159249,2.8708819647346515,4.096030048018163
6.971290845520963,4.732429667993574,2.6967706715863033,1.9968051572028658,3.026806614003136
6.900020777321573,1.9216247810306626,2.2755837640727883,4.014659274936441,3.363639077262569
5.940578494464839,0.3692853185403867,1.5989920377948212,7.099091515042484,4.029273842077138
6.531026485686115,6.33455761042251,3.846452765009221,7.310469607031927,2.744131261000445
6.358828248319632,2.8783576825118984,3.455713517964965,6.690685448321385,2.7354052042206582
6.633576621224847,4.070003276602855,3.3475944602719068,2.4680852902690837,2.267071962403156
7.286715150623433,2.5718383887550758,2.8191747000805645,0.22474140841838985,4.508878063422822
7.026875361657904,2.207947872441016,2.010749753799565,6.135883963475956,3.2064773004020295
7.242384725837792,4.520302616618262,2.9084630901149002,4.820559915904161,1.81843861756227
6.8883056006837435,3.368168389159634,2.8619895553026353,7.148464429291529,2.623973327889842
6.341202311185182,5.276723824231317,3.679892385553417,7.754884065553175,4.40572467592299
6.615803770647483,5.508869352220679,2.9610231140424887,6.345603580146705,3.672828820147518
6.636361388049314,5.196148866517242,3.506336737467083,7.900332713439634,3.7100244879684476
6.516570007431798,5.102487002649995,3.5466236342094,6.573028435287671,2.6692266737963153
6.459754524648748,7.469700133142087,4.401820386948383,7.325161764003667,3.3145632502000653
6.94924824873064,2.9113401984510046,2.3391799144417313,4.238316842825294,2.305438699581405
6.535173356657216,4.627086003229402,3.1350203285233045,5.550971465421354,2.6658720598731827
6.225394352937827,6.686784100146922,4.103969962629651,6.491940241642393,3.9231508779405835
6.210828731873966,6.844688470568685,4.274195397671493,8.051321188543547,3.9084878021155056
6.820616866651725,2.2221047643730123,2.630758538769432,5.01564706943857,2.117826876164049
6.416814200773562,4.064295718130276,3.5580607692324584,7.3029181393302816,2.221824928199292
6.692241250286994,7.197071946579191,4.261089689220777,5.335403020211553,2.5887415620370136
6.778036168236393,5.6570387770979735,3.580353032393046,5.706144581679674,4.815074394201052
6.222901679581022,4.9200737443686835,3.643091767161196,8.073797605060182,0.9058869171604031
7.1832989314812625,4.625629991347514,3.5945899631033478,1.0173490723646101,2.7869493219609054
6.91188937682539,4.212406312417942,3.0112823516636227,2.7588191798130977,1.0832480560556932
6.384252499069547,5.392492738149891,3.9731544860464254,2.294536506392948,1.855653910646414
7.491529900884847,4.636581580097453,3.746466768501371,0.16595970037923813,1.8684955147144964
6.480392227716115,4.706180759911009,3.899146890227873,4.304338899612058,2.3725265061316856
5.790829849939637,4.676881418535063,4.082080930101954,7.873584749319351,2.6997855345332775
6.211211514921309,3.4862029085016544,2.547914707936886,5.287789834043563,3.2513522569145037
6.123076177374217,5.595416730481279,3.7437259759255164,6.494475204854631,2.339307280601492
6.3204171621879786,9.791529896277705,5.421123037158546,8.723043741776982,0.6003149656401938
6.158615096605279,1.301324792340131,1.9813004895230493,9.319215330669229,4.907488524708327
6.415936398271021,5.283458425209833,3.353678202239879,5.827155163184651,3.8146123975279034
6.466178510004989,3.1590774552902943,2.1694061808236893,9.383964723923492,4.577347780487583
6.620531044730624,5.739861911703448,3.833016543092981,6.230316646085273,0.9612360308806468
6.798096399490992,4.918287869917682,3.159972884147908,3.9065044404313447,3.0864062218775583
6.782320030504789,6.173870640351755,4.003945648439752,4.513999119503162,3.3654178336390483
7.031754436313787,7.054154345417809,4.004044321487582,2.2986587185874594,0.9187638241058427
5.959843101124625,5.103359053811896,3.101480283187022,3.779665365665869,2.9048157221045265
6.464049949322324,6.7788512000870575,4.305259824185582,5.1049582798139275,2.4326709846664243
5.596209473552964,0.2894366111133517,1.6761432551679392,8.008962548446505,6.400146835768993
6.188467008146032,7.316564608167696,4.658338631795452,10.30192457791496,5.269450829141591
6.794814762796888,5.577366039108032,4.605291922210263,2.5445462115574,0.5037064471896835
6.807370802524404,6.621751687061279,4.2596164873088505,6.982068670649797,5.65751989622344
7.1437808252838995,2.6986697342083428,2.773500600508989,3.398640152106164,1.9019145883060278
6.496031849195688,3.144880261972064,2.3269275732418957,7.186742721158005,4.561660961431657
6.37109095304863,4.966183856101423,2.9717105662260193,5.672283373280684,4.131694414538519
7.055987554560515,4.9537937828795595,4.1146492918611575,1.422735435381174,1.2633107930618763
6.149569428622794,5.0584432773342005,3.1539853989603586,8.320742478921211,3.8096686038447616
6.640512714556574,6.741803650230688,3.7791438315048187,4.487498217978173,2.3563065286383096
6.971927758610979,1.6365337381126637,2.1389739267584447,4.665249404066113,4.000857945371134
6.538730511161639,6.590466431618532,4.100109607296457,3.3256189717757754,2.7218896951170675
6.9328441790723865,4.839977265417451,3.074988303589664,4.364291808281111,4.180343774563547
6.671512390903322,4.296857583979282,3.0967537461064727,7.069726101737293,3.2147450770721564
6.223671732191494,2.0480152939433975,2.8109564046374005,5.526889147658986,3.3161415625434607
6.795130544419594,5.593917907235006,3.415169719361283,6.821655005706202,4.155321620717914
6.692113850094258,0.3285770214124532,1.0739618148185128,6.904804634822109,4.516687202238287
6.291541729474797,5.681180686236141,4.149509722854374,9.301654138820417,4.026810448399495
6.321744019863198,2.039232166992982,2.5126116315724074,5.1430346228390516,2.666440968092272
6.514649456867697,4.982296415503939,3.2447111179421113,2.3078554578856707,1.4048373799450522
6.1183736147695456,4.313930652215199,2.592705454435312,8.668056041429958,2.7060769903200326
6.776205696571637,6.8742252562983115,3.9518407599438996,5.171279569756863,1.7373047324872375
5.962612702494035,4.185357910452229,3.1522613894411835,8.786481111443443,4.402340011794062
6.59645386438046,3.412273837228039,3.3311783708447433,6.958442782956176,4.464533526193194
6.111613070933232,3.765668645620576,2.591634668300368,5.672156174491637,3.0618925225754388
6.378820816637144,6.935474078666322,4.240381678861939,6.871939735115737,4.423767463079258
6.168174202075643,5.388275394717386,3.925368021844914,10.87753140031575,5.000432662975376
6.9603994449598705,3.792283411622577,2.0644064286002624,11.192451322634383,3.7647639301593663
6.024063293541316,4.21813013152641,3.6007665197861236,6.173452837831947,2.2423268541148245
7.003166979608131,1.9093741107423743,1.790769415414375,6.400476483292688,5.308011013150404
6.357196813402271,5.250443223189703,3.7329754866586553,8.690600393665964,3.087648226734473
6.833042377859057,1.6713435930299858,2.2672106970562917,3.885847418081632,3.4531635879535387
6.49480769516222,6.011080611442761,4.338266801162643,6.832675931545638,2.433391609945517
6.680826955959103,4.952834418074421,3.7015035195871846,5.935342880115359,1.84536210460942
6.4034285711817835,8.947617569919046,4.128130831275626,6.784770528643884,0.5689860205322866
7.195591324699991,2.8934862365099243,2.3434827957415734,3.9165779851264855,3.7530428733320806
6.678148598183141,4.731719032608796,3.447969664784831,2.0260812667275774,1.700758661246893
7.330878787460995,8.279128669906525,4.733659513514696,0.8175414100217706,5.413877930149505
6.517948330523364,6.985969199700583,4.485431971782941,3.20653971752598,1.0662733396901578
6.590646910747416,3.5132174088483383,3.221033585807218,4.853311787651667,1.5993651117549346
6.2034514240281755,5.110135461806118,3.7874348792943193,5.267021033378096,3.5628409022742313
6.2918120696357285,4.44062615320704,3.19054048426103,10.843077906073793,5.330356682260458
6.804595410942827,5.099730931165354,2.8013575680179494,8.764983424768245,3.159605841967855
6.6853435603310265,3.5811709608031124,2.750275884779318,3.594772209145932,3.658326017929087
6.38154831496344,4.483914550078652,3.460113079287043,6.869271131127392,0.9347930917847225
6.2112997101962915,1.8455204750653347,1.8020292890059426,4.982304409124187,2.700551884838982
6.496620338864711,4.9784297270040305,3.7438817828502424,5.2890904048997625,1.6145159218499976
5.925456879214389,5.429417193903814,4.035124196468447,6.4633141235384555,0.7843507952393356
6.076658481253332,4.170914515744418,3.219112596816104,7.547927792438483,3.474281271076414
6.6672268129150005,1.852038388724384,1.0153034089647952,5.1518537902899615,0.7205815440915377
6.768884312662617,6.373264342807099,3.5380703920381182,8.659628831835896,1.2667264873710016
7.731611446658807,5.622048491320725,4.503295059950723,3.14515443464399,1.662108211852985
6.313427407752731,3.3737231821182316,2.6308741556359414,6.015847655905671,2.2980977846116977
6.502820309506738,3.8704920108176792,2.2545395150754732,12.49418431648958,4.152831308643781
6.560697419615522,1.9769798491260828,2.784890894974542,6.557699356563187,3.8952814510614555
6.180420422317534,2.6431519989057537,2.562603036179771,9.583036266515432,4.818328931061364
6.6531040224695115,3.735809956532449,3.43630017819607,6.228800445433021,4.065442717096636
6.425515350222026,6.83111186021025,4.343228214171846,7.451942738324492,4.129151793906265
6.5699951428428145,3.5629913099859114,3.1086201784792324,5.858042014018271,3.1825040596024294
6.411164909243507,5.864802025361643,3.9911245092304637,5.573981047089489,3.1516231728711905
6.186558098415487,3.797121944281382,3.297844102480953,4.051294008186451,3.7077984883834247
5.893670907325761,5.031885030396256,4.423726191580942,7.075753397393883,3.3568912763579757
6.918943146985583,4.593824559487936,3.7259323581788495,3.87115702703558,2.2764351828081333
6.290037921207314,6.16730751774849,3.334787279961182,7.6639630907835725,2.5315611725584044
6.094311484231159,3.561109864073973,3.1031085517411503,8.713217511114776,2.551409676302118
6.449670687905658,1.818599792881518,2.6840322243938943,6.916328518093075,4.119480842644154
6.855476035231608,2.2838204387630836,2.894608498119692,5.284378166110771,3.184975356601418
6.492334264197501,3.6851082399092,2.80340130274004,7.13491394827174,2.48858156586459
6.352115383284944,2.475487723051301,2.9561728672957712,5.228317361133969,2.5899549697307362
6.762093109384102,5.3476475484784585,4.0101559792118655,8.338867813662873,1.561531115681536
7.438996142886596,4.18444267807101,4.202784046016296,1.421484789462191,3.675379674867184
6.760216302986728,9.042264341361081,4.816905042045028,5.1609815797033844,2.1895580726227397
7.258944627995231,1.8968596909431852,2.055783645817104,1.0229700121900056,1.890306676118695
7.253698164930275,5.32879214194907,3.5090692373956465,2.2623479244319875,3.3786380066935804
6.642762314778798,2.5134780104409367,2.309302344160865,9.409655574534774,2.9671172536354664
6.555897715595081,3.7055692361242256,2.6262193945442496,8.237962454929216,1.665259352578527
6.873317513133166,5.081821832486895,2.427658530725261,4.201299416788024,3.928513392275069
7.002381891879455,0.7523826464193413,1.6270732690784828,2.243741359897758,2.648958571987139
6.615931813908535,5.437880191609303,3.822895300523683,0.0,1.8765197037826442
6.873952206487382,8.230565591233821,4.594937498291164,4.641261230168413,2.2207270647885533
5.561382107656226,3.4873973971712298,3.669111432280136,12.051037530618506,5.317113011392741
6.154913336413501,5.078784941958311,3.5368643018696693,7.087210678659119,3.1381119796764327
7.088162230942729,6.673621806476178,4.6858603446641265,4.601069284876276,0.9558525085144317
6.721061015042908,4.368854775268159,3.3521100751992505,7.1627005237507655,3.759009333525682
7.35278107198894,3.9346695619665297,3.4044307487439154,2.097604117513893,2.0393848711358324
6.484378638248975,0.6392777574629478,1.867407724558604,5.256691593255911,5.949879437390258
6.096817410949984,5.801030351878984,4.367925993513019,6.248693682539346,2.930162012129966
6.45306711138959,4.502366155104575,3.323322202094791,5.784748370447379,0.3570445863911702
6.397549729696185,2.7680732752596673,2.8056775933393814,7.977015304225201,3.9693585689540383
6.478717005471792,4.882665125767521,3.599599223767026,6.861613065590131,5.383887421953383
6.783122963943246,3.5941469018796988,2.822344577500952,7.670815045269992,5.162042366551909
6.531229807694946,3.8380024800403936,3.1971939195860286,4.279069294423102,5.215822791730719
6.463648983448914,5.675462053289248,4.663939319794772,8.24453852102637,1.7983554437700604
5.848193108173089,2.0221138519813895,2.200686763954379,10.072342369059978,5.074341494297011
6.871640951245618,6.743600300013753,4.3652260771468,3.5746262008714687,1.487818356571784
6.698627123707884,2.314989575721982,2.9291074106365698,3.7807608607136007,3.48025324360047
5.990408464336372,3.289205269354133,3.2717834201193656,9.339460840800582,2.129954888208531
6.475728520577813,8.182793999714502,4.777804166973547,5.521640033262349,1.5765492347086643
6.174774210306361,6.521238317978676,3.155139846008525,9.509553480166392,2.2317517917642213
6.513952847110453,4.932399435189361,3.679640901535131,4.893660720269541,3.9534390836810047
6.848960319539547,2.860060947017926,1.7562346753579492,9.63761394067678,4.504821010909615
6.459246735831152,3.7267987944226255,3.578694410145543,6.32871454201363,3.552845371604215
6.382990596773393,4.787916023016256,3.482955957683807,6.645572058306738,1.4535675296618025
5.472948560502469,4.469246921552786,3.68756837656991,9.91179505417476,3.246274697589198
6.279381522296017,4.559591788583389,2.9629922601609353,5.095573806389572,2.12173422246088
6.616148720625269,4.773756608701614,2.7884996541606237,3.6471947601876042,3.8220731191257897
6.369664404943846,4.357161769028724,3.3471664612679564,4.878589479929114,4.427403762113818
6.913130867553601,2.0892096187729443,2.322242471526721,7.130834876607847,4.733789045098157
6.775423593047426,3.993542907437808,2.9008008325122567,2.0856023195487143,1.8478912606628104
6.843461306731164,6.30098556501805,4.054258738300325,7.593677256627804,0.0
6.649350885441177,2.319279767654324,3.534686263874634,4.653071705955642,1.1720833791823135
6.303467210600839,4.195670217697687,3.512078306026698,8.869531651833908,5.084427464009568
6.967773304280719,3.5705027967531118,3.3480005610465726,0.01434923774882102,2.1350081823503775
6.678641843088344,5.016615679113455,3.844221028266724,4.033585562239578,1.8491660200485232
7.458871881314272,4.307155981115417,3.8146472499870443,1.783829621914745,4.473892674947317
5.873382138909864,7.399925494140884,4.383941528496056,3.9344263340901184,4.0326139176403775
5.769925809224674,5.507884020826307,2.8812490852604054,6.619164752772358,3.124971070470629
6.3657355342203115,2.34773118320427,2.363658020079304,5.551933436375613,3.078045469101434
6.575760272467752,5.9474586442699335,4.203677741706574,5.366556077629963,2.5563204067491214
6.7933735229434165,3.354862119945136,2.4540246899320253,5.602037821549848,3.4185398214629683
6.644902871185627,3.650473288561509,2.8896429352288715,6.508470601549859,5.1224234759700416
6.587221138880421,5.399663355323749,3.3831574449285746,3.4786598951422305,3.16650901201767
6.735295364454807,3.750027975818857,3.6008228910647953,7.767124102247627,4.133775891065684
6.7480351970263595,6.249110742785771,4.299427103276933,7.656664925963709,4.203808592003274
6.5074126534138275,3.2584934124102585,3.0640136132216873,6.962594844140252,1.940014408714614
6.745623461820141,3.5408918711736526,3.16499727371785,7.391333606878158,4.173374557252811
6.556142242039513,3.487094365716273,2.8799380452656584,6.741045002021648,2.919088548228991
5.916466280079777,3.369112718127524,2.9266676002620113,11.087683256827669,0.7821435663359959
6.781654727860504,6.717597044153678,3.712964985448544,5.782264572368725,0.0041965654937359265
6.620131236569453,5.882231854447314,2.9783159502786987,5.232291954163558,1.4830076795677822
6.671174462435546,7.889207511009955,4.715715456541992,4.116181049106555,2.8789113906489434
7.241986284381918,8.984991029279078,5.223592514220488,3.419343323555408,1.982311987927075
5.911089112531185,2.9413772272250416,3.1602567182601677,2.888820530997312,3.4451255120572783
6.2015700030903345,4.908011093652018,4.091738763893755,3.778006716922704,5.209538218947899
6.118661427099385,2.5535406204582682,3.149415642182886,5.823299045869821,1.9536537173804764
6.325999747651375,3.2411224137560426,2.3972395281848664,6.835737821244286,3.3490370292901432
6.420658728871457,3.5515245971079206,2.7797038248632604,6.127855146380404,3.611111929389722
6.145543078765376,2.857367444106358,2.835080695995095,4.086161806425718,2.392653295037567
5.995157775887218,2.6435956158690814,3.5702001174445037,8.250461410049908,3.719392352075283
6.0708228780565605,4.304943822431579,3.814017210458198,7.848531680752369,1.4153477260071514
7.4120280937109655,2.621065694703316,2.9961851426806785,5.600879231444957,4.815158950771291
7.281192910644443,6.375562335595272,3.895109752018393,4.36770963833822,1.5635798599622772
6.266202119644412,2.9561103545091907,2.3291642893416267,7.371069802074499,5.928715388177406
6.3551511308954,9.719242560827285,5.703260177684209,6.469933968715261,2.140374085123513
6.407404052867107,4.05926430097768,2.683441214697328,2.379681851462381,4.091520239203251
5.865750406568037,4.774704328105548,3.3145071908500983,5.830049360038988,3.076556125312726
6.42668477234214,2.3282998686860528,2.3854087678736517,6.655089530185952,3.469749394253216
6.350690763162142,7.868496089256935,5.284563271351898,3.7507630337806157,1.5952238559792564
6.452333635350809,6.68660416487565,4.032762744766389,6.474608482093608,2.844245235291703
6.25089244988634,5.39139062297086,2.680856393759298,2.362943786855527,3.0374605116389586
5.986071719588976,2.0573393216541582,2.5247135877266507,9.340465250030427,2.9392880015092264
6.322429486344104,4.905449580406298,3.182571090920949,9.119874962648579,3.1159484019208654
6.698676826084971,2.732856466565308,2.610194996401222,5.3687066642425885,2.5307945233678724
6.59342431799189,7.296150113821354,4.383778165191693,6.908635844597683,5.350624651119805
6.537828855545037,6.460333402890215,3.974651762828979,0.0,2.09500584969956
7.050409537600513,5.071374680571143,3.844686104942339,3.109130849336668,4.427559223079871
6.298681690219778,0.33111434019581365,1.0192997847372425,5.2655526996196755,3.552226415210157
6.955926874397929,3.109460553531895,2.5369785314310143,3.319667446432852,3.2780339473212945
6.373397166657501,5.836010193216688,4.1080192425336275,7.785991206576647,1.39341128410843
5.638805069173119,6.547409085675493,3.873329724132451,10.993241326869985,2.7547372931932923
6.644653747282445,6.858047875342744,3.5996964664291085,3.058463201426745,2.6017066066789316
6.815369990539358,1.970596520529965,2.5556607455146803,3.9063414897870183,5.157162045004567
6.687448209504124,5.232107927174899,4.042081023046576,6.588620920774826,3.1798275276059993
6.148431006194529,6.291380971726273,3.9985543056333075,10.027790371249052,4.793131336672163
7.300597474218349,1.9478525184412816,1.4948027679886997,2.944064218650242,3.8286372478615056
6.822821545383907,4.686924511578198,3.657157703310806,6.622590305767355,4.933337033388958
6.065911289097465,4.921845089513329,2.804782883237457,10.553247127032773,3.3709991710097897
7.112894463883784,4.426383087186664,3.394072945613932,1.8706021295518318,5.4429428514817655
7.453041561185032,1.621546467252069,1.7936330570039636,2.79732698288542,2.486171960732256
7.290890931566227,4.245783320831515,2.73437761402582,4.940983483847904,1.8885607470293997
6.194317724283208,4.145355549576204,2.9813782129986057,4.698528967861472,1.6290754678075585
6.033193153544269,4.285213826199263,3.1407665079088014,8.031503219384112,6.1601130863184785
6.99138963139268,3.7046829323965387,2.724189872804036,6.604149299552095,4.096978695426098
6.504594044135253,4.12490778603415,3.3854444256997205,1.5625948508946794,2.355430795495244
